Id,Pred_SalePrice,SalePrice
1461.0,119549.414,208500
1462.0,154004.8,181500
1463.0,198645.97,223500
1464.0,217232.14,140000
1465.0,177184.05,250000
1466.0,193232.97,143000
1467.0,195071.23,307000
1468.0,187344.95,200000
1469.0,195536.83,129900
1470.0,124084.31,118000
1471.0,196055.23,129500
1472.0,103080.89,345000
1473.0,105583.92,144000
1474.0,150157.12,279500
1475.0,92957.31,157000
1476.0,306157.62,132000
1477.0,247034.73,149000
1478.0,281699.06,90000
1479.0,270600.66,159000
1480.0,401212.44,139000
1481.0,298911.88,325300
1482.0,211122.95,139400
1483.0,192581.36,230000
1484.0,176707.95,129900
1485.0,202018.53,154000
1486.0,211534.33,256300
1487.0,290867.72,134800
1488.0,244464.27,306000
1489.0,197468.92,207500
1490.0,236662.31,68500
1491.0,210345.28,40000
1492.0,83490.05,149350
1493.0,196525.72,179900
1494.0,275303.22,165500
1495.0,270459.9,277500
1496.0,218324.69,309000
1497.0,172269.73,145000
1498.0,162907.89,153000
1499.0,165092.38,109000
1500.0,169911.5,82000
1501.0,206628.31,160000
1502.0,158595.58,170000
1503.0,267616.2,144000
1504.0,245188.47,130250
1505.0,237976.52,141000
1506.0,206018.7,319900
1507.0,254262.39,239686
1508.0,205443.72,249700
1509.0,163696.55,113000
1510.0,171851.84,127000
1511.0,147508.61,177000
1512.0,192266.23,114500
1513.0,150944.23,110000
1514.0,168537.73,385000
1515.0,211096.52,130000
1516.0,163059.1,180500
1517.0,166034.3,172500
1518.0,135870.44,196500
1519.0,238337.8,438780
1520.0,128072.18,124900
1521.0,130120.484,158000
1522.0,202036.28,101000
1523.0,95409.055,202500
1524.0,96454.19,140000
1525.0,109194.555,219500
1526.0,101551.47,317000
1527.0,112017.02,180000
1528.0,134774.17,226000
1529.0,140200.08,80000
1530.0,211291.02,225000
1531.0,142518.02,244000
1532.0,94579.32,129500
1533.0,137750.06,185000
1534.0,113005.94,144900
1535.0,155552.14,107400
1536.0,102719.69,91000
1537.0,84634.72,135750
1538.0,153446.08,127000
1539.0,189045.02,136500
1540.0,110513.66,110000
1541.0,143828.11,193500
1542.0,133117.98,153500
1543.0,169473.08,245000
1544.0,73766.945,126500
1545.0,94184.266,168500
1546.0,141514.64,260000
1547.0,135746.42,174000
1548.0,121069.91,164500
1549.0,122178.91,85000
1550.0,137066.14,123600
1551.0,107916.984,109900
1552.0,141994.67,98600
1553.0,149235.44,163500
1554.0,98539.734,133900
1555.0,186805.12,204750
1556.0,75919.34,185000
1557.0,88913.03,214000
1558.0,83359.18,94750
1559.0,80536.16,83000
1560.0,118626.336,128950
1561.0,136212.8,205000
1562.0,127426.95,178000
1563.0,117796.055,118964
1564.0,170314.86,198900
1565.0,162805.53,169500
1566.0,230989.52,250000
1567.0,82855.95,100000
1568.0,246981.89,115000
1569.0,145856.69,115000
1570.0,144723.47,190000
1571.0,115465.58,136900
1572.0,146770.62,180000
1573.0,220674.28,383970
1574.0,143270.31,217000
1575.0,232114.78,259500
1576.0,260997.0,176000
1577.0,194196.72,139000
1578.0,145297.84,155000
1579.0,147801.7,320000
1580.0,205202.6,163990
1581.0,158806.4,180000
1582.0,129833.38,100000
1583.0,299255.56,136000
1584.0,239195.16,153900
1585.0,155474.5,181000
1586.0,62398.8,84500
1587.0,89979.83,128000
1588.0,144972.17,87000
1589.0,108188.8,155000
1590.0,131890.25,150000
1591.0,83270.34,226000
1592.0,140612.22,244000
1593.0,122912.54,150750
1594.0,107004.07,220000
1595.0,119846.11,180000
1596.0,212296.58,174000
1597.0,185882.88,143000
1598.0,199331.05,171000
1599.0,165785.3,230000
1600.0,171897.73,231500
1601.0,46915.383,115000
1602.0,111309.91,260000
1603.0,56772.65,166000
1604.0,242438.03,204000
1605.0,248747.08,125000
1606.0,173623.98,130000
1607.0,183723.48,105000
1608.0,236345.05,222500
1609.0,189735.33,141000
1610.0,172326.16,115000
1611.0,156582.8,122000
1612.0,194086.83,372402
1613.0,203920.31,190000
1614.0,124394.75,235000
1615.0,83740.74,125000
1616.0,71825.77,79000
1617.0,88653.09,109500
1618.0,115554.2,269500
1619.0,148743.05,254900
1620.0,200234.9,320000
1621.0,142909.4,162500
1622.0,147110.73,412500
1623.0,246971.98,220000
1624.0,239708.17,103200
1625.0,111149.664,152000
1626.0,207751.75,127500
1627.0,210049.33,190000
1628.0,267224.4,325624
1629.0,184359.08,183500
1630.0,281905.56,228000
1631.0,205097.81,128500
1632.0,216611.55,215000
1633.0,186315.89,239000
1634.0,209462.48,163000
1635.0,195392.77,184000
1636.0,175738.03,243000
1637.0,217221.0,211000
1638.0,218165.78,172500
1639.0,208105.3,501837
1640.0,244032.89,100000
1641.0,194443.77,177000
1642.0,231061.12,200100
1643.0,222342.89,120000
1644.0,228955.8,200000
1645.0,223490.14,127000
1646.0,176380.03,475000
1647.0,168507.48,173000
1648.0,138835.0,135000
1649.0,144984.31,153337
1650.0,136778.52,286000
1651.0,134371.69,315000
1652.0,107941.5,184000
1653.0,103658.51,192000
1654.0,152687.7,130000
1655.0,123181.14,127000
1656.0,145005.92,148500
1657.0,153008.1,311872
1658.0,153334.98,235000
1659.0,106213.64,104000
1660.0,165552.69,274900
1661.0,373417.03,140000
1662.0,310127.56,171500
1663.0,316500.44,112000
1664.0,377909.8,149000
1665.0,286086.34,110000
1666.0,303058.9,180500
1667.0,313866.16,143900
1668.0,296014.06,141000
1669.0,266369.6,277000
1670.0,297391.16,145000
1671.0,276577.25,98000
1672.0,357597.28,186000
1673.0,287989.88,252678
1674.0,259105.77,156000
1675.0,208702.38,161750
1676.0,206192.22,134450
1677.0,226838.64,210000
1678.0,374100.0,107000
1679.0,328931.0,311500
1680.0,273237.4,167240
1681.0,236234.31,204900
1682.0,299198.44,200000
1683.0,204621.64,179900
1684.0,201060.55,97000
1685.0,195420.28,386250
1686.0,183904.11,112000
1687.0,184576.08,290000
1688.0,216695.33,106000
1689.0,215077.39,125000
1690.0,217388.1,192500
1691.0,208310.38,148000
1692.0,253694.64,403000
1693.0,174078.58,94500
1694.0,199654.17,128200
1695.0,176078.2,216500
1696.0,268041.06,89500
1697.0,180661.9,185500
1698.0,317744.03,194500
1699.0,288396.62,318000
1700.0,257229.61,113000
1701.0,268422.5,262500
1702.0,254372.22,110500
1703.0,262268.75,79000
1704.0,271812.84,120000
1705.0,244952.98,205000
1706.0,338667.2,241500
1707.0,216231.5,137000
1708.0,216422.17,140000
1709.0,270843.4,180000
1710.0,230088.05,277000
1711.0,266437.28,76500
1712.0,259231.31,235000
1713.0,266524.16,173000
1714.0,223376.95,158000
1715.0,205783.83,145000
1716.0,196352.16,230000
1717.0,193192.72,207500
1718.0,138702.8,220000
1719.0,215637.31,231500
1720.0,229520.92,97000
1721.0,188116.92,176000
1722.0,132951.38,276000
1723.0,180026.36,151000
1724.0,217459.44,130000
1725.0,234418.42,73000
1726.0,191763.36,175500
1727.0,160077.44,185000
1728.0,188053.98,179500
1729.0,172024.08,120500
1730.0,155173.16,148000
1731.0,118269.12,266000
1732.0,149317.92,241500
1733.0,110167.1,290000
1734.0,117866.81,139000
1735.0,128050.555,124500
1736.0,100378.78,205000
1737.0,289555.44,201000
1738.0,239976.36,141000
1739.0,256300.34,415298
1740.0,237129.17,192000
1741.0,209416.42,228500
1742.0,182335.34,185000
1743.0,186419.17,207500
1744.0,281843.72,244600
1745.0,208989.05,179200
1746.0,193966.88,164700
1747.0,221453.25,159000
1748.0,233737.31,88000
1749.0,168016.92,122000
1750.0,138548.66,153575
1751.0,256356.89,233230
1752.0,104222.89,135900
1753.0,165508.61,131000
1754.0,214627.6,235000
1755.0,179516.9,167000
1756.0,143651.02,142500
1757.0,106737.36,152000
1758.0,167430.22,239000
1759.0,179594.33,175000
1760.0,188522.58,158500
1761.0,188375.17,157000
1762.0,177307.8,267000
1763.0,176457.98,205000
1764.0,108249.73,149900
1765.0,162836.89,295000
1766.0,200822.58,305900
1767.0,239050.19,225000
1768.0,143249.34,89500
1769.0,172785.4,82500
1770.0,157778.75,360000
1771.0,111849.17,165600
1772.0,126854.83,132000
1773.0,138850.6,119900
1774.0,172944.92,375000
1775.0,126645.76,178000
1776.0,120319.15,188500
1777.0,96172.1,260000
1778.0,132001.48,270000
1779.0,119868.125,260000
1780.0,170285.75,187500
1781.0,117112.05,342643
1782.0,84356.195,354000
1783.0,157125.94,301000
1784.0,97892.38,126175
1785.0,119158.58,242000
1786.0,156880.48,87000
1787.0,167858.08,324000
1788.0,57146.523,145250
1789.0,103654.86,214500
1790.0,85540.35,78000
1791.0,227775.94,119000
1792.0,162114.47,139000
1793.0,139889.05,284000
1794.0,159669.31,207000
1795.0,122925.7,192000
1796.0,114120.47,228950
1797.0,137351.12,377426
1798.0,110849.54,214000
1799.0,95133.85,202500
1800.0,110659.44,155000
1801.0,138242.53,202900
1802.0,151045.42,82000
1803.0,166548.72,87500
1804.0,141922.6,266000
1805.0,136841.8,85000
1806.0,114872.55,140200
1807.0,135622.08,151500
1808.0,131521.3,157500
1809.0,118878.17,154000
1810.0,141928.9,437154
1811.0,72403.22,318061
1812.0,87233.29,190000
1813.0,110990.84,95000
1814.0,81128.73,105900
1815.0,43935.46,140000
1816.0,81219.71,177500
1817.0,127364.8,173000
1818.0,148253.64,134000
1819.0,126490.57,130000
1820.0,64288.93,280000
1821.0,95534.25,156000
1822.0,152327.9,145000
1823.0,36007.81,198500
1824.0,132506.1,118000
1825.0,140005.83,190000
1826.0,95007.29,147000
1827.0,96666.66,159000
1828.0,134424.12,165000
1829.0,157502.98,132000
1830.0,139963.97,162000
1831.0,140159.0,172400
1832.0,97702.16,134432
1833.0,130981.89,125000
1834.0,111406.516,123000
1835.0,140873.38,219500
1836.0,106506.82,61000
1837.0,78831.81,148000
1838.0,101528.31,340000
1839.0,84651.18,394432
1840.0,155831.12,179000
1841.0,125994.164,127000
1842.0,94595.04,187750
1843.0,160558.05,213500
1844.0,130068.01,76000
1845.0,158201.77,240000
1846.0,149057.44,192000
1847.0,179155.17,81000
1848.0,35361.547,125000
1849.0,114001.45,191000
1850.0,111484.43,426000
1851.0,135143.7,119000
1852.0,130965.71,215000
1853.0,136488.73,106500
1854.0,164665.12,100000
1855.0,151088.98,109000
1856.0,241507.48,129000
1857.0,140565.14,123000
1858.0,135887.55,169500
1859.0,109553.734,67000
1860.0,165473.7,241000
1861.0,110184.375,245500
1862.0,312446.28,164990
1863.0,307954.5,108000
1864.0,307970.8,258000
1865.0,295110.5,168000
1866.0,299000.6,150000
1867.0,245082.86,115000
1868.0,289765.12,177000
1869.0,220208.94,280000
1870.0,235250.86,339750
1871.0,252772.53,60000
1872.0,200093.14,145000
1873.0,244466.6,222000
1874.0,155555.61,115000
1875.0,206771.38,228000
1876.0,221309.06,181134
1877.0,218124.77,149500
1878.0,225758.75,239000
1879.0,128967.984,126000
1880.0,136480.17,142000
1881.0,261150.94,206300
1882.0,254219.66,215000
1883.0,198871.28,113000
1884.0,210552.14,315000
1885.0,235489.67,139000
1886.0,268290.8,135000
1887.0,230348.19,275000
1888.0,268788.06,109008
1889.0,196652.45,195400
1890.0,140773.33,175000
1891.0,137533.95,85400
1892.0,86393.88,79900
1893.0,119521.1,122500
1894.0,131447.53,181000
1895.0,142865.8,81000
1896.0,118874.234,212000
1897.0,124395.734,116000
1898.0,115104.28,119000
1899.0,141488.86,90350
1900.0,129961.23,110000
1901.0,156645.02,555000
1902.0,146453.95,118000
1903.0,194421.39,162900
1904.0,129699.375,172500
1905.0,196084.84,210000
1906.0,151663.17,127500
1907.0,213807.56,190000
1908.0,116558.78,199900
1909.0,147837.02,119500
1910.0,129498.2,120000
1911.0,219339.98,110000
1912.0,271459.56,280000
1913.0,197375.48,204000
1914.0,51558.37,210000
1915.0,252909.52,188000
1916.0,43391.31,175500
1917.0,242862.98,98000
1918.0,142909.16,256000
1919.0,186782.4,161000
1920.0,180213.06,110000
1921.0,323266.84,263435
1922.0,277396.25,155000
1923.0,216794.77,62383
1924.0,259311.6,188700
1925.0,220714.34,124000
1926.0,313254.88,178740
1927.0,131749.88,167000
1928.0,179689.81,146500
1929.0,107279.62,250000
1930.0,124015.77,187000
1931.0,153673.86,212000
1932.0,149124.67,190000
1933.0,180158.22,148000
1934.0,196471.19,440000
1935.0,195591.97,251000
1936.0,197449.4,132500
1937.0,201461.28,208900
1938.0,189615.75,380000
1939.0,217780.48,297000
1940.0,180294.39,89471
1941.0,192447.84,326000
1942.0,193544.22,374000
1943.0,194610.11,155000
1944.0,299110.12,164000
1945.0,296748.94,132500
1946.0,156693.66,147000
1947.0,250002.64,156000
1948.0,188209.81,175000
1949.0,231137.72,160000
1950.0,195826.92,86000
1951.0,255001.56,115000
1952.0,220021.61,133000
1953.0,204151.72,172785
1954.0,202753.83,155000
1955.0,137656.36,91300
1956.0,288815.7,34900
1957.0,171228.89,430000
1958.0,288091.34,184000
1959.0,154500.9,130000
1960.0,101548.36,120000
1961.0,124514.43,113000
1962.0,95703.02,226700
1963.0,116136.21,140000
1964.0,117748.07,289000
1965.0,138501.4,147000
1966.0,127296.04,124500
1967.0,276055.62,215000
1968.0,348316.12,208300
1969.0,316671.12,161000
1970.0,344900.16,124500
1971.0,366810.12,164900
1972.0,321793.94,202665
1973.0,264561.53,129900
1974.0,298183.56,134000
1975.0,369456.06,96500
1976.0,275397.62,402861
1977.0,332451.6,158000
1978.0,312122.22,265000
1979.0,285562.1,211000
1980.0,212665.69,234000
1981.0,297946.88,106250
1982.0,219700.42,150000
1983.0,205789.75,159000
1984.0,180286.36,184750
1985.0,237175.14,315750
1986.0,230618.66,176000
1987.0,191224.67,132000
1988.0,203874.47,446261
1989.0,211612.44,86000
1990.0,230879.25,200624
1991.0,228909.48,175000
1992.0,236773.98,128000
1993.0,192907.1,107500
1994.0,228123.88,39300
1995.0,203503.0,178000
1996.0,275867.0,107500
1997.0,282989.22,188000
1998.0,295387.3,111250
1999.0,273184.25,158000
2000.0,285180.28,272000
2001.0,275418.5,315000
2002.0,247598.69,248000
2003.0,262214.72,213250
2004.0,279410.62,133000
2005.0,224181.2,179665
2006.0,217981.16,229000
2007.0,259808.34,210000
2008.0,220593.66,129500
2009.0,207151.81,125000
2010.0,210443.12,263000
2011.0,148595.39,140000
2012.0,187032.89,112500
2013.0,185378.89,255500
2014.0,197459.94,108000
2015.0,201151.69,284000
2016.0,207122.16,113000
2017.0,199609.33,141000
2018.0,124210.71,108000
2019.0,144393.81,175000
2020.0,95640.086,234000
2021.0,92641.0,121500
2022.0,202465.6,170000
2023.0,145161.67,108000
2024.0,283575.75,185000
2025.0,318902.97,268000
2026.0,172529.69,128000
2027.0,169573.78,325000
2028.0,159490.61,214000
2029.0,173170.67,316600
2030.0,243977.05,135960
2031.0,225534.05,142600
2032.0,223882.83,120000
2033.0,232032.6,224500
2034.0,173139.77,170000
2035.0,233988.34,139000
2036.0,210599.72,118500
2037.0,209689.1,145000
2038.0,243965.06,164500
2039.0,187034.25,146000
2040.0,299227.06,131500
2041.0,254199.08,181900
2042.0,217342.19,253293
2043.0,177453.36,118500
2044.0,196761.61,325000
2045.0,198029.27,133000
2046.0,143797.3,369900
2047.0,146367.02,130000
2048.0,149686.97,137000
2049.0,165610.52,143000
2050.0,163393.52,79500
2051.0,90763.14,185900
2052.0,134773.22,451950
2053.0,152031.56,138000
2054.0,64467.027,140000
2055.0,157278.45,110000
2056.0,154585.7,319000
2057.0,112215.34,114504
2058.0,238220.89,194201
2059.0,153216.77,217500
2060.0,184533.0,151000
2061.0,190757.67,275000
2062.0,123075.36,141000
2063.0,100197.664,220000
2064.0,145433.94,151000
2065.0,108928.234,221000
2066.0,189630.78,205000
2067.0,145587.03,152000
2068.0,151850.84,225000
2069.0,63074.24,359100
2070.0,91090.664,118500
2071.0,108894.27,313000
2072.0,168888.42,148000
2073.0,145183.11,261500
2074.0,187512.23,147000
2075.0,152743.84,75500
2076.0,119647.484,137500
2077.0,152064.42,183200
2078.0,113812.984,105500
2079.0,139008.98,314813
2080.0,101677.45,305000
2081.0,107829.695,67000
2082.0,139802.58,240000
2083.0,137196.23,135000
2084.0,91463.81,168500
2085.0,111597.74,165150
2086.0,149246.23,160000
2087.0,126867.016,139900
2088.0,102309.03,153000
2089.0,71033.95,135000
2090.0,121371.51,168500
2091.0,98854.28,124000
2092.0,146569.3,209500
2093.0,107310.72,82500
2094.0,111140.3,139400
2095.0,134199.58,144000
2096.0,68128.12,200000
2097.0,94989.81,60000
2098.0,145832.9,93000
2099.0,44610.527,85000
2100.0,104017.19,264561
2101.0,122930.59,274000
2102.0,119093.33,226000
2103.0,92955.35,345000
2104.0,120041.41,152000
2105.0,129085.52,370878
2106.0,56577.535,143250
2107.0,216355.44,98300
2108.0,117049.8,155000
2109.0,109013.766,155000
2110.0,127550.21,84500
2111.0,135309.47,205950
2112.0,136170.81,108000
2113.0,108347.66,191000
2114.0,109510.19,135000
2115.0,147406.56,350000
2116.0,116159.63,88000
2117.0,156133.8,145500
2118.0,103800.92,149000
2119.0,92109.21,97500
2120.0,111449.27,167000
2121.0,85941.28,197900
2122.0,116646.945,402000
2123.0,76212.78,110000
2124.0,154767.94,137500
2125.0,151272.16,423000
2126.0,175519.97,230500
2127.0,159245.61,129000
2128.0,115279.93,193500
2129.0,82039.086,168000
2130.0,131328.52,137500
2131.0,166197.95,173500
2132.0,116497.016,103600
2133.0,134266.98,165000
2134.0,131666.02,257500
2135.0,103252.58,140000
2136.0,46980.344,148500
2137.0,118036.91,87000
2138.0,137438.73,109500
2139.0,162536.56,372500
2140.0,142108.0,128500
2141.0,142831.89,143000
2142.0,129703.266,159434
2143.0,141443.2,173000
2144.0,99431.71,285000
2145.0,147937.61,221000
2146.0,156496.52,207500
2147.0,181248.38,227875
2148.0,143157.67,148800
2149.0,145870.08,392000
2150.0,224689.88,194700
2151.0,103305.88,141000
2152.0,159616.45,755000
2153.0,182130.78,335000
2154.0,90598.445,108480
2155.0,149191.42,141500
2156.0,251487.84,176000
2157.0,253414.48,89000
2158.0,236618.53,123500
2159.0,215010.03,138500
2160.0,199888.58,196000
2161.0,251847.31,312500
2162.0,345197.12,140000
2163.0,321244.62,361919
2164.0,243546.75,140000
2165.0,183647.7,213000
2166.0,165741.2,55000
2167.0,228654.92,302000
2168.0,207819.25,254000
2169.0,200341.23,179540
2170.0,216741.39,109900
2171.0,156879.77,52000
2172.0,154865.06,102776
2173.0,168244.06,189000
2174.0,238915.03,129000
2175.0,273875.22,130500
2176.0,275694.0,165000
2177.0,238354.14,159500
2178.0,227383.62,157000
2179.0,151665.73,341000
2180.0,225157.45,128500
2181.0,201238.02,275000
2182.0,229504.12,143000
2183.0,201429.23,124500
2184.0,127957.17,135000
2185.0,128968.39,320000
2186.0,157224.05,120500
2187.0,165318.44,222000
2188.0,158236.78,194500
2189.0,303446.88,110000
2190.0,48911.113,103000
2191.0,51572.62,236500
2192.0,70650.04,187500
2193.0,101052.555,222500
2194.0,100050.71,131400
2195.0,95957.86,108000
2196.0,91695.64,163000
2197.0,114749.695,93500
2198.0,146874.3,239900
2199.0,183211.28,179000
2200.0,139222.52,190000
2201.0,147069.39,132000
2202.0,164334.39,142000
2203.0,156968.52,179000
2204.0,160888.61,175000
2205.0,103812.92,180000
2206.0,137064.17,299800
2207.0,187681.69,236000
2208.0,238928.31,265979
2209.0,212659.31,260400
2210.0,122353.19,98000
2211.0,106020.664,96500
2212.0,110321.47,162000
2213.0,91738.69,217000
2214.0,144314.16,275500
2215.0,98184.555,156000
2216.0,148806.55,172500
2217.0,42520.316,212000
2218.0,60610.098,158900
2219.0,60295.754,179400
2220.0,57038.78,290000
2221.0,255421.98,127500
2222.0,242042.08,100000
2223.0,281284.12,215200
2224.0,235454.89,337000
2225.0,136051.88,270000
2226.0,217897.31,264132
2227.0,211187.06,196500
2228.0,258451.89,160000
2229.0,248992.67,216837
2230.0,166052.95,538000
2231.0,220308.25,134900
2232.0,206109.05,102000
2233.0,202310.39,107000
2234.0,249982.55,114500
2235.0,226139.55,395000
2236.0,262263.38,162000
2237.0,317897.4,221500
2238.0,218263.12,142500
2239.0,113612.22,144000
2240.0,170324.47,135000
2241.0,173461.66,176000
2242.0,136330.05,175900
2243.0,134817.61,187100
2244.0,107623.266,165500
2245.0,97938.06,128000
2246.0,132644.28,161500
2247.0,118354.516,139000
2248.0,118675.39,233000
2249.0,123323.875,107900
2250.0,131980.38,187500
2251.0,114994.016,160200
2252.0,199668.9,146800
2253.0,169722.53,269790
2254.0,188253.47,225000
2255.0,215677.84,194500
2256.0,178813.7,171000
2257.0,229607.28,143500
2258.0,172019.39,110000
2259.0,199294.84,485000
2260.0,167312.7,175000
2261.0,184792.9,200000
2262.0,183234.62,109900
2263.0,312039.5,189000
2264.0,386576.9,582933
2265.0,203903.39,118000
2266.0,249009.31,227680
2267.0,319975.4,135500
2268.0,316816.56,223500
2269.0,164397.02,159950
2270.0,205882.28,106000
2271.0,222890.03,181000
2272.0,226531.11,144500
2273.0,178434.84,55993
2274.0,210834.23,157900
2275.0,188017.02,116000
2276.0,182754.16,224900
2277.0,202287.9,137000
2278.0,166365.75,271000
2279.0,121026.96,155000
2280.0,102664.914,224000
2281.0,182554.72,183000
2282.0,191765.78,93000
2283.0,114629.3,225000
2284.0,120571.586,139500
2285.0,123161.26,232600
2286.0,125226.39,385000
2287.0,301702.53,109500
2288.0,270030.06,189000
2289.0,315035.9,185000
2290.0,350911.0,147400
2291.0,293683.16,166000
2292.0,344806.8,151000
2293.0,358822.97,237000
2294.0,324068.88,167000
2295.0,370033.4,139950
2296.0,280611.0,128000
2297.0,296045.56,153500
2298.0,301941.47,100000
2299.0,328090.9,144000
2300.0,302773.3,130500
2301.0,281136.88,140000
2302.0,252835.9,157500
2303.0,241189.73,174900
2304.0,242017.73,141000
2305.0,205012.36,153900
2306.0,201876.16,171000
2307.0,214661.42,213000
2308.0,218162.83,133500
2309.0,252263.14,240000
2310.0,211132.14,187000
2311.0,216995.89,131500
2312.0,194791.17,215000
2313.0,194872.8,164000
2314.0,182367.75,158000
2315.0,199249.03,170000
2316.0,212805.0,127000
2317.0,202526.95,147000
2318.0,195788.61,174000
2319.0,195462.95,152000
2320.0,190050.08,250000
2321.0,242535.73,189950
2322.0,199450.33,131500
2323.0,186318.78,152000
2324.0,204475.28,132500
2325.0,223748.95,250580
2326.0,192806.34,148500
2327.0,216923.66,248900
2328.0,231992.22,129000
2329.0,207764.4,169000
2330.0,210644.23,236000
2331.0,322513.47,109500
2332.0,321021.5,200500
2333.0,289782.0,116000
2334.0,255732.3,133000
2335.0,266664.16,66500
2336.0,293406.75,303477
2337.0,207331.89,132250
2338.0,267475.66,350000
2339.0,232351.38,148000
2340.0,326370.2,136500
2341.0,249021.88,157000
2342.0,236458.11,187500
2343.0,242047.25,178000
2344.0,225770.56,118500
2345.0,234173.75,100000
2346.0,213377.56,328900
2347.0,208031.45,145000
2348.0,233407.69,135500
2349.0,194571.83,268000
2350.0,284858.28,149500
2351.0,242392.48,122900
2352.0,251235.9,172500
2353.0,271476.22,154500
2354.0,145566.69,165000
2355.0,146751.89,118858
2356.0,171957.55,140000
2357.0,207775.19,106500
2358.0,199371.62,142953
2359.0,143062.72,611657
2360.0,115763.42,135000
2361.0,161319.36,110000
2362.0,255505.25,153000
2363.0,138234.81,180000
2364.0,176056.5,240000
2365.0,217728.02,125500
2366.0,192585.52,128000
2367.0,205925.62,255000
2368.0,214985.97,250000
2369.0,206093.08,131000
2370.0,184405.69,174000
2371.0,165404.19,154300
2372.0,203126.14,143500
2373.0,263979.8,88000
2374.0,288749.94,145000
2375.0,204811.75,173733
2376.0,281075.28,75000
2377.0,281953.5,35311
2378.0,161483.4,135000
2379.0,232768.33,238000
2380.0,145233.64,176500
2381.0,197827.75,201000
2382.0,216717.77,145900
2383.0,216920.45,169990
2384.0,250490.98,193000
2385.0,175585.55,207500
2386.0,135867.16,175000
2387.0,134128.39,285000
2388.0,99167.586,176000
2389.0,126169.03,236500
2390.0,146500.34,222000
2391.0,151190.11,201000
2392.0,105741.586,117500
2393.0,170654.73,320000
2394.0,144615.69,190000
2395.0,217874.73,242000
2396.0,141864.25,79900
2397.0,217505.95,184900
2398.0,140450.2,253000
2399.0,48770.17,239799
2400.0,50278.13,244400
2401.0,106564.72,150900
2402.0,138517.03,214000
2403.0,155504.1,150000
2404.0,156291.95,143000
2405.0,174857.47,137500
2406.0,141595.16,124900
2407.0,125185.86,143000
2408.0,157388.34,270000
2409.0,125143.11,192500
2410.0,194079.81,197500
2411.0,108491.555,129000
2412.0,159187.4,119900
2413.0,126097.555,133900
2414.0,142497.56,172000
2415.0,147825.03,127500
2416.0,116093.0,145000
2417.0,107862.766,124000
2418.0,126140.266,132000
2419.0,136129.77,185000
2420.0,129309.74,155000
2421.0,149764.75,116500
2422.0,117961.695,272000
2423.0,127135.17,155000
2424.0,168300.27,239000
2425.0,262482.7,214900
2426.0,151704.47,178900
2427.0,122390.62,160000
2428.0,197789.23,135000
2429.0,100241.94,37900
2430.0,130511.85,140000
2431.0,127557.27,135000
2432.0,141143.52,173000
2433.0,138539.75,99500
2434.0,138076.1,182000
2435.0,160636.64,167500
2436.0,94530.055,165000
2437.0,95573.63,85500
2438.0,122743.69,199900
2439.0,115389.18,110000
2440.0,120665.39,139000
2441.0,95744.66,178400
2442.0,99326.16,336000
2443.0,133888.33,159895
2444.0,151595.81,255900
2445.0,67196.82,126000
2446.0,135861.48,125000
2447.0,192677.36,117000
2448.0,130229.8,395192
2449.0,100891.17,195000
2450.0,162096.14,197000
2451.0,142116.88,348000
2452.0,186698.81,168000
2453.0,76877.35,187000
2454.0,123880.1,173900
2455.0,131876.61,337500
2456.0,115625.15,121600
2457.0,114218.44,136500
2458.0,119303.586,185000
2459.0,86825.375,91000
2460.0,158891.22,206000
2461.0,114143.48,82000
2462.0,128728.016,86000
2463.0,113764.59,232000
2464.0,177522.75,136905
2465.0,129446.92,181000
2466.0,115959.125,149900
2467.0,158983.1,163500
2468.0,80858.914,88000
2469.0,71193.805,240000
2470.0,215499.53,102000
2471.0,199687.73,135000
2472.0,171479.48,100000
2473.0,111141.91,165000
2474.0,86826.14,85000
2475.0,218680.28,119200
2476.0,95387.086,227000
2477.0,117409.34,203000
2478.0,166406.27,187500
2479.0,112812.445,160000
2480.0,145464.88,213490
2481.0,128314.695,176000
2482.0,129611.95,194000
2483.0,102859.03,87000
2484.0,135110.61,191000
2485.0,120451.125,287000
2486.0,153586.92,112500
2487.0,244657.19,167500
2488.0,155900.5,293077
2489.0,159690.6,105000
2490.0,153489.11,118000
2491.0,78034.71,160000
2492.0,194348.0,197000
2493.0,169654.62,310000
2494.0,160391.78,230000
2495.0,85987.38,119750
2496.0,247261.02,84000
2497.0,148582.89,315500
2498.0,102329.125,287000
2499.0,85293.125,97000
2500.0,122778.9,80000
2501.0,131465.52,155000
2502.0,153234.12,173000
2503.0,91898.85,196000
2504.0,197877.22,262280
2505.0,228994.23,278000
2506.0,266208.8,139600
2507.0,280843.97,556581
2508.0,265051.88,145000
2509.0,235890.55,115000
2510.0,233268.3,84900
2511.0,191245.27,176485
2512.0,218388.66,200141
2513.0,231224.3,165000
2514.0,226923.69,144500
2515.0,157596.11,255000
2516.0,191176.62,180000
2517.0,154880.72,185850
2518.0,169777.19,248000
2519.0,226857.53,335000
2520.0,222321.39,220000
2521.0,198862.64,213500
2522.0,238671.88,81000
2523.0,124912.05,90000
2524.0,153800.89,110500
2525.0,152742.02,154000
2526.0,143074.53,328000
2527.0,110415.04,178000
2528.0,123162.03,167900
2529.0,146837.94,151400
2530.0,138083.48,135000
2531.0,253518.72,135000
2532.0,235184.48,154000
2533.0,220301.38,91500
2534.0,232807.25,159500
2535.0,277309.16,194000
2536.0,247471.25,219500
2537.0,228290.06,170000
2538.0,196778.25,138800
2539.0,199901.08,155900
2540.0,199439.33,126000
2541.0,202575.36,145000
2542.0,180147.5,133000
2543.0,135376.16,192000
2544.0,113666.52,160000
2545.0,148468.97,187500
2546.0,137016.8,147000
2547.0,155735.64,83500
2548.0,153126.53,252000
2549.0,184726.1,137500
2550.0,577316.8,197000
2551.0,146142.08,92900
2552.0,123229.95,160000
2553.0,52872.043,136500
2554.0,88339.72,146000
2555.0,106353.11,129000
2556.0,88750.55,176432
2557.0,120725.266,127000
2558.0,180861.6,170000
2559.0,118911.86,128000
2560.0,156142.28,157000
2561.0,125812.984,60000
2562.0,128726.24,119500
2563.0,122318.06,135000
2564.0,188389.36,159500
2565.0,149686.67,106000
2566.0,161840.55,325000
2567.0,127270.37,179900
2568.0,199731.03,274725
2569.0,201556.11,181000
2570.0,121415.805,280000
2571.0,202779.31,188000
2572.0,142943.28,205000
2573.0,232426.0,129900
2574.0,235664.34,134500
2575.0,124124.664,117000
2576.0,128717.85,318000
2577.0,150635.64,184100
2578.0,67078.414,130000
2579.0,43135.81,140000
2580.0,103128.1,133700
2581.0,163065.39,118400
2582.0,116566.7,212900
2583.0,254585.86,112000
2584.0,166745.16,118000
2585.0,225321.92,163900
2586.0,219940.58,115000
2587.0,209566.25,174000
2588.0,138583.14,259000
2589.0,151454.36,215000
2590.0,225850.22,140000
2591.0,262934.38,135000
2592.0,218219.48,93500
2593.0,269122.9,117500
2594.0,173942.19,239500
2595.0,201145.58,169000
2596.0,295135.4,102000
2597.0,213875.02,119000
2598.0,278962.34,94000
2599.0,293366.03,196000
2600.0,221910.12,144000
2601.0,139135.89,139000
2602.0,82986.51,197500
2603.0,98589.734,424870
2604.0,84687.88,80000
2605.0,84988.086,80000
2606.0,158128.62,149000
2607.0,243434.44,180000
2608.0,232221.4,174500
2609.0,182392.17,116900
2610.0,89847.49,143000
2611.0,150436.98,124000
2612.0,171043.17,149900
2613.0,129998.055,230000
2614.0,121612.625,120500
2615.0,157092.67,201800
2616.0,164255.33,218000
2617.0,206764.9,179900
2618.0,233411.39,230000
2619.0,224014.16,235128
2620.0,211915.08,185000
2621.0,189539.3,146000
2622.0,203437.3,224000
2623.0,237532.95,129000
2624.0,293145.94,108959
2625.0,264301.88,194000
2626.0,186955.66,233170
2627.0,160957.58,245350
2628.0,340552.03,173000
2629.0,358083.28,235000
2630.0,298488.22,625000
2631.0,355965.28,171000
2632.0,332196.9,163000
2633.0,259684.83,171900
2634.0,342406.16,200500
2635.0,164987.77,239000
2636.0,208689.9,285000
2637.0,187845.6,119500
2638.0,255889.34,115000
2639.0,198335.78,154900
2640.0,168801.08,93000
2641.0,108578.25,250000
2642.0,191701.16,392500
2643.0,124853.04,745000
2644.0,136202.17,120000
2645.0,107953.516,186700
2646.0,99079.44,104900
2647.0,120998.12,95000
2648.0,142737.75,262000
2649.0,145908.73,195000
2650.0,115025.97,189000
2651.0,146000.14,168000
2652.0,323623.12,174000
2653.0,253574.2,125000
2654.0,259238.62,165000
2655.0,333963.62,158000
2656.0,302372.4,176000
2657.0,295459.47,219210
2658.0,274026.7,144000
2659.0,279878.28,178000
2660.0,307209.94,148000
2661.0,302594.22,116050
2662.0,313345.53,197900
2663.0,280024.25,117000
2664.0,245119.19,213000
2665.0,291711.47,153500
2666.0,262700.28,271900
2667.0,195628.11,107000
2668.0,196283.11,200000
2669.0,198714.95,140000
2670.0,272149.2,290000
2671.0,203745.78,189000
2672.0,206627.23,164000
2673.0,208613.0,113000
2674.0,217791.27,145000
2675.0,176637.0,134500
2676.0,209743.67,125000
2677.0,210430.23,112000
2678.0,256948.92,229456
2679.0,267823.97,80500
2680.0,268778.8,91500
2681.0,331525.97,115000
2682.0,296815.38,134000
2683.0,392646.88,143000
2684.0,292841.53,137900
2685.0,293717.72,184000
2686.0,254910.48,145000
2687.0,278926.53,214000
2688.0,219960.9,147000
2689.0,200878.02,367294
2690.0,345586.44,127000
2691.0,196497.52,190000
2692.0,140059.72,132500
2693.0,217073.89,101800
2694.0,139823.8,142000
2695.0,213698.98,130000
2696.0,201084.58,138887
2697.0,207628.23,175500
2698.0,211671.89,195000
2699.0,177150.69,142500
2700.0,158769.88,265900
2701.0,167385.62,224900
2702.0,133419.12,248328
2703.0,130126.17,170000
2704.0,151919.94,465000
2705.0,105327.625,230000
2706.0,106522.01,178000
2707.0,137547.02,186500
2708.0,119658.32,169900
2709.0,93161.93,129500
2710.0,124373.086,119000
2711.0,298660.97,244000
2712.0,340691.53,171750
2713.0,180601.17,130000
2714.0,157740.75,294000
2715.0,178886.53,165400
2716.0,158272.22,127500
2717.0,215494.25,301500
2718.0,228072.66,99900
2719.0,165062.66,190000
2720.0,189968.03,151000
2721.0,140281.44,181000
2722.0,174788.34,128900
2723.0,162508.58,161500
2724.0,123446.61,180500
2725.0,133826.53,181000
2726.0,145185.52,183900
2727.0,182151.6,122000
2728.0,180802.89,378500
2729.0,149415.34,381000
2730.0,140156.86,144000
2731.0,117208.44,260000
2732.0,118801.06,185750
2733.0,173072.62,137000
2734.0,150890.98,177000
2735.0,132049.23,139000
2736.0,149510.03,137000
2737.0,103770.55,162000
2738.0,143497.22,197900
2739.0,170751.16,237000
2740.0,144957.42,68400
2741.0,141256.58,227000
2742.0,181246.39,180000
2743.0,158475.53,150500
2744.0,170131.11,139000
2745.0,148443.47,169000
2746.0,131467.14,132500
2747.0,151717.23,143000
2748.0,117042.28,190000
2749.0,133184.95,278000
2750.0,120132.22,281000
2751.0,131040.17,180500
2752.0,219582.92,119500
2753.0,184104.4,107500
2754.0,284108.25,162900
2755.0,135402.6,115000
2756.0,95480.2,138500
2757.0,82060.37,155000
2758.0,69801.04,140000
2759.0,147464.78,160000
2760.0,138103.44,154000
2761.0,155379.61,225000
2762.0,152585.28,177500
2763.0,221435.08,290000
2764.0,150811.36,232000
2765.0,274657.78,130000
2766.0,124328.39,325000
2767.0,63666.12,202500
2768.0,115894.93,138000
2769.0,128767.086,147000
2770.0,144437.11,179200
2771.0,98755.17,335000
2772.0,103017.91,203000
2773.0,160716.66,302000
2774.0,132252.95,333168
2775.0,125124.984,119000
2776.0,138657.5,206900
2777.0,151107.72,295493
2778.0,100268.336,208900
2779.0,122317.95,275000
2780.0,94377.44,111000
2781.0,79789.85,156500
2782.0,90419.734,72500
2783.0,82823.24,190000
2784.0,119914.0,82500
2785.0,139650.08,147000
2786.0,48738.645,55000
2787.0,108938.08,79000
2788.0,70313.08,130500
2789.0,187936.6,256000
2790.0,79962.93,176500
2791.0,119633.766,227000
2792.0,51921.168,132500
2793.0,142368.17,100000
2794.0,86198.266,125500
2795.0,104814.17,125000
2796.0,78073.74,167900
2797.0,210019.52,135000
2798.0,119012.734,52500
2799.0,115100.69,200000
2800.0,63826.805,128500
2801.0,91258.85,123000
2802.0,125787.1,155000
2803.0,175328.62,228500
2804.0,125973.83,177000
2805.0,84817.8,155835
2806.0,75688.58,108500
2807.0,160318.39,262500
2808.0,164798.2,283463
2809.0,107582.25,215000
2810.0,128909.33,122000
2811.0,182378.44,200000
2812.0,174129.38,171000
2813.0,183036.78,134900
2814.0,178376.84,410000
2815.0,94609.08,235000
2816.0,208342.66,170000
2817.0,153426.75,110000
2818.0,125115.39,149900
2819.0,178741.42,177500
2820.0,152497.3,315000
2821.0,116480.31,189000
2822.0,200106.27,260000
2823.0,310238.88,104900
2824.0,188357.22,156932
2825.0,181477.81,144152
2826.0,132179.84,216000
2827.0,136901.88,193000
2828.0,247537.7,127000
2829.0,206656.69,144000
2830.0,243524.83,232000
2831.0,194100.5,105000
2832.0,248071.17,165500
2833.0,270450.03,274300
2834.0,225002.53,466500
2835.0,232986.88,250000
2836.0,217476.38,239000
2837.0,176044.38,91000
2838.0,163369.22,117000
2839.0,206036.61,83000
2840.0,207678.78,167500
2841.0,208259.86,58500
2842.0,240758.08,237500
2843.0,154417.64,157000
2844.0,173444.72,112000
2845.0,112132.3,105000
2846.0,220332.72,125500
2847.0,222051.9,250000
2848.0,215105.31,136000
2849.0,213196.55,377500
2850.0,273147.7,131000
2851.0,229878.69,235000
2852.0,243838.97,124000
2853.0,251651.34,123000
2854.0,151667.73,163000
2855.0,212535.28,246578
2856.0,211277.3,281213
2857.0,198387.5,160000
2858.0,213806.22,137500
2859.0,129106.63,138000
2860.0,128929.52,137450
2861.0,142070.88,120000
2862.0,221261.86,193000
2863.0,123794.26,193879
2864.0,250047.75,282922
2865.0,148184.4,105000
2866.0,168119.8,275000
2867.0,82206.3,133000
2868.0,113872.02,112000
2869.0,110031.63,125500
2870.0,151218.19,215000
2871.0,92299.19,230000
2872.0,24516.303,140000
2873.0,99462.59,90000
2874.0,129903.02,257000
2875.0,103848.66,207000
2876.0,161036.52,175900
2877.0,105198.53,122500
2878.0,131799.06,340000
2879.0,143179.22,124000
2880.0,94798.97,223000
2881.0,126833.32,179900
2882.0,150396.47,127500
2883.0,178170.0,136500
2884.0,192101.53,274970
2885.0,165091.2,144000
2886.0,232404.17,142000
2887.0,98998.64,271000
2888.0,122676.19,140000
2889.0,45281.66,119000
2890.0,66069.875,182900
2891.0,146508.45,192140
2892.0,41017.34,143750
2893.0,70453.3,64500
2894.0,40885.465,186500
2895.0,268995.72,160000
2896.0,249288.48,174000
2897.0,207322.95,120500
2898.0,162336.08,394617
2899.0,213841.84,149700
2900.0,177938.03,197000
2901.0,203613.11,191000
2902.0,199551.39,149300
2903.0,301939.16,310000
2904.0,313148.16,121000
2905.0,86716.336,179600
2906.0,215700.27,129000
2907.0,118332.305,157900
2908.0,133175.3,240000
2909.0,159395.17,112000
2910.0,56647.418,92000
2911.0,83870.98,136000
2912.0,163242.03,287090
2913.0,83459.3,145000
2914.0,70894.52,84500
2915.0,74597.0,185000
2916.0,85925.67,175000
2917.0,208376.8,210000
2918.0,106969.734,266500
2919.0,240444.2,142125
,,147500
